{"assets/icons/admin.png":["assets/icons/admin.png"],"assets/icons/alarm.svg":["assets/icons/alarm.svg"],"assets/icons/alarm_history.svg":["assets/icons/alarm_history.svg"],"assets/icons/alert_noti.svg":["assets/icons/alert_noti.svg"],"assets/icons/battery.svg":["assets/icons/battery.svg"],"assets/icons/bell.png":["assets/icons/bell.png"],"assets/icons/cabinet.svg":["assets/icons/cabinet.svg"],"assets/icons/calender.svg":["assets/icons/calender.svg"],"assets/icons/controller.svg":["assets/icons/controller.svg"],"assets/icons/controller_bg.png":["assets/icons/controller_bg.png"],"assets/icons/controller_bw.svg":["assets/icons/controller_bw.svg"],"assets/icons/dashboard.png":["assets/icons/dashboard.png"],"assets/icons/dashboard.svg":["assets/icons/dashboard.svg"],"assets/icons/download.svg":["assets/icons/download.svg"],"assets/icons/downward_arrow.svg":["assets/icons/downward_arrow.svg"],"assets/icons/eye.svg":["assets/icons/eye.svg"],"assets/icons/filter.svg":["assets/icons/filter.svg"],"assets/icons/info.svg":["assets/icons/info.svg"],"assets/icons/info_white.svg":["assets/icons/info_white.svg"],"assets/icons/logout.svg":["assets/icons/logout.svg"],"assets/icons/maxis_logo.png":["assets/icons/maxis_logo.png"],"assets/icons/notification.svg":["assets/icons/notification.svg"],"assets/icons/operator.svg":["assets/icons/operator.svg"],"assets/icons/power.svg":["assets/icons/power.svg"],"assets/icons/print.svg":["assets/icons/print.svg"],"assets/icons/report.png":["assets/icons/report.png"],"assets/icons/report.svg":["assets/icons/report.svg"],"assets/icons/report_history.svg":["assets/icons/report_history.svg"],"assets/icons/search.svg":["assets/icons/search.svg"],"assets/icons/site_bg.png":["assets/icons/site_bg.png"],"assets/icons/sites.svg":["assets/icons/sites.svg"],"assets/icons/sites_bw.svg":["assets/icons/sites_bw.svg"],"assets/icons/stat_card_icon.svg":["assets/icons/stat_card_icon.svg"],"assets/icons/tower.svg":["assets/icons/tower.svg"],"assets/icons/upward_arrow.svg":["assets/icons/upward_arrow.svg"],"assets/images/acdc.png":["assets/images/acdc.png"],"assets/images/fuel.png":["assets/images/fuel.png"],"assets/images/genset.png":["assets/images/genset.png"],"assets/images/grid.png":["assets/images/grid.png"],"assets/images/landing_bg.png":["assets/images/landing_bg.png"],"assets/images/li-lon_batt.png":["assets/images/li-lon_batt.png"],"assets/images/load.png":["assets/images/load.png"],"assets/images/login_bg.jpg":["assets/images/login_bg.jpg"],"assets/images/login_bg.png":["assets/images/login_bg.png"],"assets/images/maxis.jpeg":["assets/images/maxis.jpeg"],"assets/images/scomode.png":["assets/images/scomode.png"],"assets/images/scomode_logo.png":["assets/images/scomode_logo.png"],"assets/images/solar.png":["assets/images/solar.png"],"assets/images/solar_irradiance.png":["assets/images/solar_irradiance.png"],"assets/images/tms.png":["assets/images/tms.png"],"assets/images/tower.png":["assets/images/tower.png"],"assets/images/vrla_batt.png":["assets/images/vrla_batt.png"],"packages/cupertino_icons/assets/CupertinoIcons.ttf":["packages/cupertino_icons/assets/CupertinoIcons.ttf"],"packages/fluttertoast/assets/toastify.css":["packages/fluttertoast/assets/toastify.css"],"packages/fluttertoast/assets/toastify.js":["packages/fluttertoast/assets/toastify.js"],"packages/font_awesome_flutter/lib/fonts/fa-brands-400.ttf":["packages/font_awesome_flutter/lib/fonts/fa-brands-400.ttf"],"packages/font_awesome_flutter/lib/fonts/fa-regular-400.ttf":["packages/font_awesome_flutter/lib/fonts/fa-regular-400.ttf"],"packages/font_awesome_flutter/lib/fonts/fa-solid-900.ttf":["packages/font_awesome_flutter/lib/fonts/fa-solid-900.ttf"]}